ID;parent_ID;field
bd24e73d-77e6-45a0-a0e9-3e8008597964;7152266c-d4bd-42d2-85d9-9a770d649c8b;grandchild_1
b7de8f89-2735-4389-92e4-61abfd049ae3;b4e967f7-e019-454a-ae84-14791293aad2;grandchild_2
511b4d97-90d0-4f5b-a61f-a5d562a36a40;e1892cf1-ac4c-40d6-8b97-57bba50f955f;grandchild_3
976f19ed-2a1a-403e-aa23-2430addb2431;b608d22c-e70c-4770-a6d3-3ad1ab43c4ab;grandchild_4
09f797ee-e49e-42b5-a858-c31a7c800c73;ebc24684-f13b-48fa-833d-4ec460b7e1f8;grandchild_5
a2cad039-3cd5-4105-baa7-2cb324e321a6;cf19f456-49a2-4f58-bd89-e7ad93a323b8;grandchild_6
b1520bc1-f00a-451c-b99e-9d7e91d228b4;c612e49e-f50a-4229-9aa5-de31d37008d5;grandchild_7
46fc1c6d-f42c-403f-aa22-716f7f88b69d;e60c158b-5ca4-4ba7-a62b-e464e36469f1;grandchild_8
f00d81f1-74c3-47ad-80b4-bf93b56c8957;967cef12-5ddd-4490-bafd-21d97190bfd5;grandchild_9
0d35b7a3-1091-48cd-b2bd-02c276ebd1ba;9bcfca5d-da0f-4bae-a095-53e3370d0366;grandchild_10
2da8e772-4697-4f1a-be03-2a7957d8428e;7719a480-0728-4b66-9254-b9f97d417042;grandchild_11
2db8e772-4697-4f1a-be03-2a7957d8428e;7719a480-0728-4b66-9254-b9f97d417056;grandchild_12